Year;CountOfNodes;CountOfEdges;AverageDegree;AverageWeightedDegree;AverageClusteringCoefficient;IdOfSimplexWithMaxAvgWDegree;WDegreeOfSimplexWithMaxAvgWDegree
2016;530620;1654527;6.236204817006521;8.54253891673891;0.6840827224578749;1662066;976
1986;179461;318655;3.551245117323541;5.159839742339561;0.48440832936474376;2240022;244
1956;4643;2549;1.0979969847081628;1.241438724962309;0.21082951452839757;546114;11
1996;531402;1442700;5.429787618413179;8.958231244895579;0.5778658067062288;288620;566
1966;19234;14216;1.4782156597691587;1.7589684932931267;0.25108569568724987;1211339;81
1936;54;6;0.2222222222222222;0.2222222222222222;0;762004;1
2006;1332062;5143063;7.721957386367902;13.354648657494922;0.6185715285612056;2510355;2434
1976;53121;61502;2.3155625835357014;2.9858624649385366;0.36222398879773987;594664;180
1946;487;124;0.5092402464065708;0.5462012320328542;0.1002737850787132;760933;3
